SAT Averages - 2015,,,,,,,,
This file includes public school level SAT averages scores by test and the number of students tested.  ,,,,,,,,
"Each test (Readingl, Math and Writing) ranges from 200 through 800.",,,,,,,,
An asterisk (*) indicates that less than 11 students participated.,,,,,,,,
The data posted below represents students expected to graduate in 2015,,,,,,,,
"In other instances, a school may have 2 different AI CODES assigned. These schools may have 2 distinct records.",,,,,,,,
,,,,,,,,
AUN,LEA,School Nbr.,School Name,N Tested,Reading Average,Math Average,Writing Average,Compostie Average
124150002,21st Century Cyber CS,7691,21st Century Cyber CS,47,521,492,486,1499
119350303,Abington Heights SD,5091,Abington Heights HS,224,549,557,534,1640
123460302,Abington SD,3241,Abington SHS,449,514,521,501,1536
102020003,Academy CS,7846,Academy CS,12,343,344,307,993
125230001,Achievement House CS,7824,Achievement House CS,18,447,417,414,1278
126514368,ACT Academy Cyber CS,8217,ACT Academy Cyber CS,7,*,*,*,*
126510020,Agora Cyber CS,7858,Agora Cyber CS,204,468,430,438,1336
101260303,Albert Gallatin Area SD,6001,Albert Gallatin Area SHS,134,453,450,425,1328
127040503,Aliquippa SD,8086,Aliquippa JSHS,41,406,416,374,1196
103020603,Allegheny Valley SD,29,Springdale JSHS,50,488,490,458,1436
106160303,Allegheny-Clarion Valley SD,4664,Allegheny-Clarion Valley HS,35,480,480,465,1425
121390302,Allentown City SD,2795,Louis E Dieruff HS,178,408,414,386,1208
121390302,Allentown City SD,2794,William Allen HS,178,436,431,409,1275
108070502,Altoona Area SD,913,Altoona Area HS,304,482,489,463,1434
127040703,Ambridge Area SD,6555,Ambridge Area HS,117,498,508,462,1468
113380303,Annville-Cleona SD,2725,Annville Cleona HS,67,521,535,491,1546
114060503,Antietam SD,820,Antietam MS/HS,45,464,446,433,1343
128030603,Apollo-Ridge SD,2320,Apollo-Ridge HS,47,459,456,455,1371
168518013,ARISE Academy Charter High School,8122,ARISE Academy Charter High School,7,*,*,*,*
128030852,Armstrong SD,6575,Ford City JSHS,59,483,496,449,1428
128030852,Armstrong SD,596,Kittanning SHS,88,486,497,451,1434
128030852,Armstrong SD,7640,West Shamokin JSHS,60,505,493,459,1456
117080503,Athens Area SD,958,Athens Area HS,72,494,499,486,1479
109530304,Austin Area SD,6222,Austin Area JSHS,8,*,*,*,*
101630504,Avella Area SD,4165,Avella Area JSHS,17,477,462,455,1394
124150003,Avon Grove CS,7721,Avon Grove CS,45,556,529,530,1615
124150503,Avon Grove SD,1367,Avon Grove HS,334,520,535,509,1563
103020753,Avonworth SD,5199,Avonworth HS,69,531,546,511,1588
110141003,Bald Eagle Area SD,1335,Bald Eagle Area JSHS,64,479,502,457,1438
103021102,Baldwin-Whitehall SD,50,Baldwin SHS,252,486,496,463,1446
120480803,Bangor Area SD,3434,Bangor Area HS,141,486,499,462,1446
127040001,Beaver Area Academic CS,7847,Beaver Area Academic CS,2,*,*,*,*
127041203,Beaver Area SD,640,Beaver Area SHS,111,514,525,483,1522
108051003,Bedford Area SD,726,Bedford SHS,77,498,506,467,1470
107650603,Belle Vernon Area SD,4930,Belle Vernon Area HS,151,504,489,494,1487
110141103,Bellefonte Area SD,1343,Bellefonte Area HS,130,508,509,480,1497
108071003,Bellwood-Antis SD,917,Bellwood-Antis HS,71,511,528,510,1549
122091002,Bensalem Township SD,5116,Bensalem Twp HS,263,469,498,455,1422
116191004,Benton Area SD,1595,Benton Area MSHS,30,498,489,476,1462
101630903,Bentworth SD,4188,Bentworth SHS,44,482,474,446,1402
108561003,Berlin Brothersvalley SD,6207,Berlin Brothersvalley SHS,38,487,482,454,1422
112011103,Bermudian Springs SD,3,Bermudian Springs HS,101,484,504,464,1452
116191103,Berwick Area SD,1605,Berwick Area HS,133,494,506,459,1459
103021252,Bethel Park SD,62,Bethel Park HS,307,524,534,516,1574
120481002,Bethlehem Area SD,4957,Freedom HS,262,507,504,491,1502
120481002,Bethlehem Area SD,3465,Liberty HS,334,502,500,477,1480
101631003,Bethlehem-Center SD,4181,Bethlehem-Center SHS,52,462,437,417,1316
127041503,Big Beaver Falls Area SD,649,Beaver Falls Area SHS,45,469,473,452,1395
115210503,Big Spring SD,1677,Big Spring HS,102,496,484,474,1454
127041603,Blackhawk SD,6707,Blackhawk HS,116,520,508,498,1526
108110603,Blacklick Valley SD,5135,Blacklick Valley JSHS,9,*,*,*,*
128321103,Blairsville-Saltsburg SD,4706,Blairsville SHS,52,485,510,444,1440
128321103,Blairsville-Saltsburg SD,2353,Saltsburg MS/HS,31,465,498,441,1404
116191203,Bloomsburg Area SD,1612,Bloomsburg Area HS,84,529,514,499,1542
129540803,Blue Mountain SD,3891,Blue Mountain HS,153,513,522,492,1527
119581003,Blue Ridge SD,4034,Blue Ridge HS,51,495,493,455,1443
114060753,Boyertown Area SD,6306,Boyertown Area SHS,311,506,512,503,1521
185515523,Boys Latin of Philadelphia CS,7981,Boys Latin of Philadelphia CS,101,414,416,399,1229
109420803,Bradford Area SD,4691,Bradford Area HS,129,489,479,455,1424
114060853,Brandywine Heights Area SD,6308,Brandywine Heights HS,63,526,522,507,1554
103021453,Brentwood Borough SD,70,Brentwood SHS,64,495,478,459,1433
122091303,Bristol Borough SD,1014,Bristol HS,53,424,446,408,1278
122091352,Bristol Township SD,1029,Truman SHS,202,449,457,430,1336
106330703,Brockway Area SD,2362,Brockway Area JSHS,32,518,540,489,1546
106330803,Brookville Area SD,6162,Brookville JSHS,66,501,486,476,1464
101260803,Brownsville Area SD,4818,Brownsville Area HS,78,446,439,429,1314
122091457,Bucks County Technical High School,1030,Bucks County Technical High School,140,467,465,440,1373
101631203,Burgettstown Area SD,4195,Burgettstown MS/HS,56,483,478,460,1421
107650703,Burrell SD,4340,Burrell HS,86,491,500,477,1468
104101252,Butler Area SD,1147,Butler Area SHS,277,514,541,484,1539
101631503,California Area SD,4203,California Area SHS,49,491,495,480,1466
108111203,Cambria Heights SD,5212,Cambria Heights SHS,60,459,471,460,1390
109122703,Cameron County SD,1299,Cameron County JSHS,28,473,484,452,1409
115211003,Camp Hill SD,1682,Camp Hill SHS,76,548,539,532,1619
101631703,Canon-McMillan SD,4217,Canon-McMillan SHS,272,520,527,502,1548
117081003,Canton Area SD,988,Canton JSHS,33,462,484,461,1406
115227010,Capital Area School for the Arts Charter School,8278,Capital Area School for the Arts Charter School,24,511,461,511,1484
121131507,Carbon Career & Technical Institute,4870,Carbon Career & Technical Institute,16,431,432,419,1283
119351303,Carbondale Area SD,2420,Carbondale Area JSHS,73,451,456,442,1350
115211103,Carlisle Area SD,1694,Carlisle Area HS,225,511,514,498,1523
103021603,Carlynton SD,79,Carlynton JSHS,57,520,525,503,1549
101301303,Carmichaels Area SD,7112,Carmichaels Area JSHS,40,508,491,472,1471
121391303,Catasauqua Area SD,2798,Catasauqua SHS,57,489,509,476,1474
122092002,Centennial SD,1040,William Tennent HS,334,497,505,478,1481
122090001,Center for Student Learning CS at Pennsbury,7726,Center for Student Lrng CS Pennsbury,9,*,*,*,*
122092102,Central Bucks SD,5133,Central Bucks HS-East,460,562,576,571,1709
122092102,Central Bucks SD,7790,Central Bucks HS-South,540,536,555,541,1632
122092102,Central Bucks SD,1043,Central Bucks HS-West,430,541,555,531,1627
108111303,Central Cambria SD,1208,Central Cambria HS,85,494,487,473,1454
116191503,Central Columbia SD,1619,Central Columbia SHS,94,513,539,490,1541
115221402,Central Dauphin SD,1746,Central Dauphin East SHS,169,455,464,436,1355
115221402,Central Dauphin SD,1745,Central Dauphin SHS,297,514,541,507,1561
111291304,Central Fulton SD,6252,McConnellsburg HS,31,476,492,439,1407
101301403,Central Greene SD,5118,Waynesburg Central HS,70,476,510,438,1423
108070001,Central PA Digital Learning Foundation CS,7720,Central PA Digital Lrng Foundation CS,1,*,*,*,*
127042003,Central Valley SD,8044,Central Valley HS,130,496,500,482,1478
112671303,Central York SD,4545,Central York HS,292,505,518,482,1505
112281302,Chambersburg Area SD,8244,Chambersburg Area Career Magnet Sch,41,444,444,409,1298
112281302,Chambersburg Area SD,2191,Chambersburg Area SHS,290,491,483,472,1446
101631803,Charleroi SD,4715,Charleroi Area HS,58,475,484,463,1422
126513190,Charter High School for Architecture and Design,7578,Charter High School for Architecture and Design,112,391,402,365,1159
103021752,Chartiers Valley SD,6706,Chartiers Valley HS,197,493,495,484,1472
101631903,Chartiers-Houston SD,4235,Chartiers-Houston JSHS,67,444,460,439,1343
123461302,Cheltenham Township SD,3260,Cheltenham HS,273,511,517,504,1532
124151607,Chester County Technical College High School,7293,"Chester County Technical College High School, Pickering",26,441,442,421,1305
125231232,Chester-Upland SD,6492,Chester HS,98,361,348,348,1058
108051503,Chestnut Ridge SD,732,Chestnut Ridge SHS,50,500,487,464,1451
125231303,Chichester SD,1849,Chichester SHS,186,446,447,439,1333
102020001,City CHS,7727,City CHS,20,453,424,452,1328
103021903,Clairton City SD,8094,Clairton MS/HS,34,388,389,359,1136
106161203,Clarion Area SD,1475,Clarion Area JSHS,48,518,519,496,1533
106161703,Clarion-Limestone Area SD,1480,Clarion-Limestone Area JSHS,42,505,488,478,1471
108071504,Claysburg-Kimmel SD,921,Claysburg-Kimmel HS,17,502,473,491,1466
110171003,Clearfield Area SD,6236,Clearfield Area JSHS,91,479,486,469,1434
124151902,Coatesville Area SD,5012,Coatesville Area SHS,365,464,467,437,1368
113361303,Cocalico SD,6290,Cocalico SHS,157,518,528,499,1546
124153320,Collegium CS,7628,Collegium CS,36,499,478,487,1465
123461602,Colonial SD,3333,Plymouth-Whitemarsh SHS,269,526,538,517,1581
113361503,Columbia Borough SD,2515,Columbia HS,24,463,465,428,1356
116191757,Columbia-Montour AVTS,5178,Columbia-Montour AVTS,38,470,458,426,1353
104431304,Commodore Perry SD,6122,Commodore Perry JSHS,21,495,506,455,1456
115220002,Commonwealth Connections Academy CS,7774,Commonwealth Connections Academy CS,194,506,467,470,1443
126512840,Community Academy of Philadelphia CS,7510,Community Academy of Philadelphia CS,94,404,392,394,1190
108561803,Conemaugh Township Area SD,3978,Conemaugh Twp Area MS/SHS,55,473,499,451,1423
108111403,Conemaugh Valley SD,5136,Conemaugh Valley JSHS,32,487,501,477,1466
113361703,Conestoga Valley SD,2532,Conestoga Valley SHS,188,501,502,481,1483
112011603,Conewago Valley SD,17,New Oxford SHS,163,487,519,456,1461
105201033,Conneaut SD,8224,Conneaut Area Senior High,86,496,482,459,1436
101261302,Connellsville Area SD,5228,Connellsville Area SHS,148,487,475,454,1416
114061103,Conrad Weiser Area SD,777,Conrad Weiser HS,139,483,490,471,1444
103022103,Cornell SD,8087,Cornell HS,28,434,444,432,1310
113381303,Cornwall-Lebanon SD,4800,Cedar Crest HS,233,511,525,496,1532
105251453,Corry Area SD,1998,Corry Area HS,80,479,483,450,1412
109531304,Coudersport Area SD,3869,Coudersport Area JSHS,34,505,484,484,1472
122092353,Council Rock SD,5096,Council Rock HS North,404,574,582,579,1735
122092353,Council Rock SD,7749,Council Rock HS South,418,536,562,533,1631
106611303,Cranberry Area SD,4098,Cranberry Area JSHS,55,489,497,452,1438
105201352,Crawford Central SD,1632,Cochranton JSHS,36,506,501,465,1473
105201352,Crawford Central SD,1654,Meadville Area SHS,131,495,495,453,1443
118401403,Crestwood SD,2860,Crestwood HS,169,510,511,503,1524
112673300,Crispus Attucks Youthbuild CS,7624,Crispus Attucks Youthbuild CS,2,*,*,*,*
115211603,Cumberland Valley SD,1701,Cumberland Valley HS,466,541,567,519,1627
110171803,Curwensville Area SD,1529,Curwensville Area JSHS,64,473,450,433,1356
118401603,Dallas SD,2869,Dallas SHS,167,515,546,505,1566
112671603,Dallastown Area SD,4553,Dallastown Area SHS,314,521,520,506,1548
114061503,Daniel Boone Area SD,4810,Daniel Boone Area HS,198,504,509,488,1501
116471803,Danville Area SD,3425,Danville Area SHS,131,521,527,501,1548
115221607,Dauphin County Technical School,5278,Dauphin County Technical School,60,437,443,428,1308
103022253,Deer Lakes SD,513,Deer Lakes HS,93,506,499,495,1501
126513470,Delaware Valley CHS,7671,Delaware Valley CHS,136,360,364,348,1072
120522003,Delaware Valley SD,5261,Delaware Valley HS,307,515,519,498,1531
107651603,Derry Area SD,4352,Derry Area SHS,95,470,484,453,1407
115221753,Derry Township SD,4801,Hershey HS,253,565,580,554,1699
113362203,Donegal SD,2539,Donegal HS,119,513,499,488,1501
112671803,Dover Area SD,4558,Dover Area HS,135,489,481,463,1432
124152003,Downingtown Area SD,7759,Downingtown HS East Campus,327,543,557,539,1639
124152003,Downingtown Area SD,1387,Downingtown HS West Campus,282,526,534,513,1573
124152003,Downingtown Area SD,8174,Downingtown STEM Academy,172,596,632,610,1837
107653040,"Dr Robert Ketterer CS, Inc.",7550,"Dr Robert Ketterer CS, Inc.",22,405,404,375,1184
106172003,Dubois Area SD,6156,Dubois Area SHS,162,510,520,476,1506
119352203,Dunmore SD,8312,Dunmore JSHS,94,479,484,475,1438
103022803,East Allegheny SD,5193,East Allegheny HS,91,444,441,416,1301
117412003,East Lycoming SD,6364,Hughesville JSHS,74,497,530,467,1494
121392303,East Penn SD,2809,Emmaus HS,408,533,539,519,1591
115212503,East Pennsboro Area SD,1707,East Pennsboro Area SHS,123,523,528,509,1560
120452003,East Stroudsburg Area SD,7641,East Stroudsburg SHS North,154,462,446,437,1345
120452003,East Stroudsburg Area SD,6935,East Stroudsburg SHS South,243,474,470,455,1400
113362303,Eastern Lancaster County SD,2554,Garden Spot SHS,124,502,508,476,1486
113382303,Eastern Lebanon County SD,2740,Eastern Lebanon Co SHS,87,491,479,476,1447
177518712,Eastern University Academy Charter School,8127,Eastern University Academy Charter School,44,405,358,367,1129
112672203,Eastern York SD,4564,Eastern York HS,100,491,504,467,1462
120483302,Easton Area SD,3482,Easton Area HS,385,501,486,477,1465
103023153,Elizabeth Forward SD,144,Elizabeth Forward SHS,125,477,489,460,1426
113362403,Elizabethtown Area SD,2562,Elizabethtown Area SHS,180,522,529,497,1547
119582503,Elk Lake SD,6418,Elk Lake JSHS,41,465,490,457,1411
104372003,Ellwood City Area SD,2675,Lincoln JSHS,80,487,491,462,1439
113362603,Ephrata Area SD,6293,Ephrata SHS,143,507,511,466,1484
105252602,Erie City SD,7294,Central Career & Technical Sch,120,408,413,377,1198
105252602,Erie City SD,2026,East HS,82,363,375,344,1082
105252602,Erie City SD,7515,Northwest PA Collegiate Academy,180,570,560,549,1678
105252602,Erie City SD,2027,Strong Vincent HS,41,396,397,389,1181
126513440,Esperanza Academy Charter School,7665,Esperanza Academy Charter School,122,369,391,374,1134
126511563,Esperanza Cyber CS,8216,Esperanza Cyber CS,4,*,*,*,*
108053003,Everett Area SD,7897,Everett Area HS,43,497,481,466,1445
120450003,Evergreen Community CS,7866,Evergreen Community CS,11,534,505,513,1551
114062003,Exeter Township SD,788,Exeter Twp SHS,262,508,502,494,1504
112013054,Fairfield Area SD,6269,Fairfield Area HS,57,513,523,482,1518
105253303,Fairview SD,6737,Fairview HS,114,529,556,523,1608
112282004,Fannett-Metal SD,2201,Fannett-Metal SHS,11,428,413,415,1256
104432503,Farrell Area SD,5248,Farrell Area HS/UMS,26,352,356,348,1055
108112003,Ferndale Area SD,1225,Ferndale Area JSHS,23,490,493,462,1446
114062503,Fleetwood Area SD,5023,Fleetwood SHS,127,503,496,477,1476
111292304,Forbes Road SD,2246,Forbes Road JSHS,14,493,507,474,1474
106272003,Forest Area SD,6159,East Forest JSHS,7,*,*,*,*
106272003,Forest Area SD,6161,West Forest JSHS,18,461,452,427,1340
119583003,Forest City Regional SD,6419,Forest City Regional HS,44,503,533,485,1522
108112203,Forest Hills SD,1191,Forest Hills HS,77,498,503,467,1468
101632403,Fort Cherry SD,4242,Fort Cherry JSHS,53,491,485,460,1436
105253553,Fort LeBoeuf SD,2037,Fort LeBoeuf SHS,80,487,489,462,1437
103023912,Fox Chapel Area SD,156,Fox Chapel Area HS,277,569,576,568,1714
106612203,Franklin Area SD,4106,Franklin Area HS,78,493,496,479,1467
107652603,Franklin Regional SD,4360,Franklin Regional SHS,254,533,541,527,1602
126513450,Franklin Towne CHS,7666,Franklin Towne CHS,254,441,467,450,1358
101262903,Frazier SD,2126,Frazier HS,49,483,486,447,1417
127042853,Freedom Area SD,6563,Freedom Area SHS,76,503,498,475,1476
128033053,Freeport Area SD,594,Freeport Area SHS,114,509,491,492,1491
126513270,Freire CS,7586,Freire CS,31,436,463,435,1334
109532804,Galeton Area SD,6223,Galeton Area Sch,11,477,487,482,1446
125234103,Garnet Valley SD,1869,Garnet Valley HS,313,543,565,541,1650
103024102,Gateway SD,170,Gateway SHS,198,507,502,485,1494
105253903,General McLane SD,2040,General McLane HS,127,493,498,475,1467
112013753,Gettysburg Area SD,6271,Gettysburg Area HS,139,508,511,480,1499
129544907,Gillingham Charter School,8161,Gillingham Charter School,6,*,*,*,*
105254053,Girard SD,2043,Girard HS,75,498,508,474,1480
110173003,Glendale SD,5219,Glendale JSHS,37,446,469,420,1335
114063003,Governor Mifflin SD,802,Governor Mifflin SHS,206,514,513,486,1512
124153503,Great Valley SD,1424,Great Valley HS,264,570,576,554,1700
108112502,Greater Johnstown SD,8314,Greater Johnstown School District's Cyber Academy,166,450,450,418,1319
108112502,Greater Johnstown SD,1251,Greater Johnstown SHS,166,450,450,418,1319
107653102,Greater Latrobe SD,4845,Greater Latrobe SHS,213,519,542,494,1554
118402603,Greater Nanticoke Area SD,5242,Greater Nanticoke Area SHS,67,475,461,458,1395
112283003,Greencastle-Antrim SD,2206,Greencastle-Antrim SHS,117,503,503,488,1494
107653203,Greensburg Salem SD,4373,Greensburg-Salem HS,146,492,517,475,1483
104432803,Greenville Area SD,3137,Greenville JSHS,77,498,516,474,1488
115503004,Greenwood SD,6341,Greenwood HS,25,483,472,470,1426
104432903,Grove City Area SD,6125,George Jr Republic HS,27,413,391,380,1185
104432903,Grove City Area SD,3145,Grove City Area HS,105,509,527,482,1518
115222504,Halifax Area SD,6330,Halifax Area HS,40,506,513,504,1523
114063503,Hamburg Area SD,808,Hamburg Area HS,96,496,503,468,1468
103024603,Hampton Township SD,5190,Hampton HS,242,563,565,543,1671
118403003,Hanover Area SD,2891,Hanover Area JSHS,83,455,457,450,1362
112672803,Hanover Public SD,4571,Hanover SHS,47,480,488,447,1414
105254353,Harbor Creek SD,2048,Harbor Creek Junior HS,89,510,507,490,1506
110173504,Harmony Area SD,8316,Harmony Area JSHS,5,*,*,*,*
115222752,Harrisburg City SD,6333,Harrisburg HS,132,402,411,383,1196
123463603,Hatboro-Horsham SD,3272,Hatboro-Horsham SHS,316,525,550,520,1595
125234502,Haverford Township SD,1879,Haverford SHS,366,532,559,513,1604
118403302,Hazleton Area SD,7348,Hazleton Area HS,419,458,460,444,1361
134677866,Helen Thackston Charter School,8041,Helen Thackston Charter School,32,365,369,347,1082
113363103,Hempfield  SD,2578,Hempfield SHS,354,525,551,500,1576
107653802,Hempfield Area SD,4404,Hempfield Area SHS,274,512,525,506,1543
104433303,Hermitage SD,3150,Hickory HS,124,493,511,481,1485
103024753,Highlands SD,5153,Highlands SHS,102,464,469,429,1362
108073503,Hollidaysburg Area SD,5207,Hollidaysburg Area SHS,160,521,525,497,1543
128323303,Homer-Center SD,2331,Homer-Center JSHS,44,488,501,462,1450
108057079,HOPE for Hyndman CS,8154,HOPE for Hyndman CS,4,*,*,*,*
127044103,Hopewell Area SD,675,Hopewell SHS,118,484,516,467,1467
111312503,Huntingdon Area SD,2305,Huntingdon Area SHS,93,475,480,443,1398
114060392,I-LEAD Charter School,8155,I-LEAD Charter School,32,359,342,336,1037
126512980,Imhotep Institute CHS,7542,Imhotep Institute CHS,115,370,357,345,1072
128323703,Indiana Area SD,2325,Indiana Area SHS,134,527,529,496,1551
125235103,Interboro SD,1885,Interboro SHS,165,472,468,455,1395
105256553,Iroquois SD,4817,Iroquois JSHS,59,479,473,436,1388
104433604,Jamestown Area SD,6126,Jamestown Area JSHS,21,490,488,461,1439
107654103,Jeannette City SD,4412,Jeannette SHS,32,471,478,443,1391
106333407,Jefferson County-DuBois AVTS,5180,Jefferson County-DuBois AVTS,11,441,469,426,1336
101303503,Jefferson-Morgan SD,2280,Jefferson-Morgan MS/HS,35,471,468,445,1384
123463803,Jenkintown SD,8049,Jenkintown Middle/High School,41,561,549,565,1675
117414003,Jersey Shore Area SD,3034,Jersey Shore Area SHS,114,484,488,473,1444
121135003,Jim Thorpe Area SD,1307,Jim Thorpe Area HS,65,512,521,474,1507
109243503,Johnsonburg Area SD,6218,Johnsonburg Area HS,22,468,499,454,1420
111343603,Juniata County SD,2394,East Juniata JSHS,33,485,485,463,1433
111343603,Juniata County SD,6255,Juniata SHS,70,489,484,480,1453
111312804,Juniata Valley SD,2308,Juniata Valley JSHS,29,468,474,452,1394
109422303,Kane Area SD,5245,Kane Area HS,56,516,506,472,1493
104103603,Karns City Area SD,1154,Karns City HS,59,503,528,495,1526
124154003,Kennett Consolidated SD,6482,Kennett HS,241,524,524,511,1558
106166503,Keystone  SD,1486,Keystone JSHS,46,490,497,465,1453
110183602,Keystone Central SD,6241,Bucktail HS,14,446,466,425,1337
110183602,Keystone Central SD,7589,Central Mountain HS,169,477,475,449,1401
104432830,Keystone Education Center CS,7506,Keystone Education Center CS,13,411,370,368,1148
103025002,Keystone Oaks SD,5112,Keystone Oaks HS,119,506,508,491,1505
126510013,KIPP Philadelphia Charter School,7776,KIPP Philadelphia Charter School,3,*,*,*,*
107654403,Kiski Area SD,4431,Kiski Area HS,161,494,499,478,1472
114064003,Kutztown Area SD,816,Kutztown Area SHS,64,508,516,493,1517
113362940,La Academia Partnership Charter School,7538,La Academia Partnership Charter School,6,*,*,*,*
119665003,Lackawanna Trail SD,4528,Lackawanna Trail JSHS,67,505,487,500,1492
119354603,Lakeland SD,6404,Lakeland JSHS,86,481,476,469,1426
118403903,Lake-Lehman SD,2924,Lake-Lehman JSHS,107,514,517,498,1528
104433903,Lakeview SD,3155,Lakeview HS,50,487,500,461,1448
113363603,Lampeter-Strasburg SD,2607,Lampeter-Strasburg SHS,168,530,544,515,1589
113364002,Lancaster SD,2596,McCaskey Campus,1000,432,435,422,1289
113364002,Lancaster SD,7922,Phoenix Academy,3,*,*,*,*
101264003,Laurel Highlands SD,6600,Laurel Highlands SHS,178,475,467,456,1399
104374003,Laurel SD,2680,Laurel JSHS,65,472,458,450,1380
104374207,Lawrence County CTC,4940,Lawrence County CTC,8,*,*,*,*
113384603,Lebanon SD,5155,Lebanon SHS,92,459,447,436,1342
128034503,Leechburg Area SD,7923,Leechburg Area HS,36,458,465,441,1363
121393007,Lehigh Career & Technical Institute,5338,Lehigh Career & Technical Institute,4,*,*,*,*
120480002,Lehigh Valley Academy Regional CS,7681,Lehigh Valley Academy Regional CS,34,504,490,498,1491
120483170,Lehigh Valley Charter High School for the Arts,7634,Lehigh Valley Charter High School for the Arts,85,532,465,504,1501
121135503,Lehighton Area SD,1315,Lehighton Area HS,106,492,493,479,1463
128034607,Lenape Tech,4807,Lenape Tech,48,457,456,414,1327
116604003,Lewisburg Area SD,4085,Lewisburg HS,127,568,563,545,1676
107654903,Ligonier Valley SD,4442,Ligonier Valley HS,74,531,539,503,1572
175390169,Lincoln Leadership Academy Charter School,8125,Lincoln Leadership Academy Charter School,48,337,352,340,1030
127040002,Lincoln Park Performing Arts CS,7859,Lincoln Park Performing Arts CS,101,512,481,485,1477
116493503,Line Mountain SD,3532,Line Mountain HS,43,473,461,441,1374
112015203,Littlestown Area SD,14,Littlestown SHS,67,518,518,486,1522
115224003,Lower Dauphin SD,1776,Lower Dauphin HS,209,524,543,505,1573
123464502,Lower Merion SD,3296,Harriton SHS,215,592,592,593,1777
123464502,Lower Merion SD,3295,Lower Merion HS,225,581,590,572,1744
123464603,Lower Moreland Township SD,4960,Lower Moreland HS,157,550,561,566,1676
117414203,Loyalsock Township SD,4828,Loyalsock Twp SHS,82,506,519,478,1503
129544503,Mahanoy Area SD,7012,Mahanoy Area HS,55,451,444,421,1316
113364403,Manheim Central SD,2618,Manheim Central SHS,165,522,515,499,1536
113364503,Manheim Township SD,2623,Manheim Twp HS,311,537,547,519,1603
126513480,Mariana Bracetti Academy CS,7672,Mariana Bracetti Academy CS,106,357,378,355,1090
128325203,Marion Center Area SD,2339,Marion Center Area JR/SR HS,51,489,479,463,1432
126510014,Maritime Academy Charter School,7777,Maritime Academy CS,49,404,407,383,1193
125235502,Marple Newtown SD,1902,Marple Newtown SHS,239,523,540,514,1577
104105003,Mars Area SD,1159,Mars Area SHS,214,529,536,524,1589
126513150,MAST Community Charter School,7574,MAST Community Charter School,96,513,499,488,1500
126510002,Mastery CHS - Lenfest Campus,7678,Mastery CHS - Lenfest Campus,17,379,415,375,1168
126513734,Mastery CS-Gratz Campus,8207,Mastery CS-Gratz Campus,10,*,*,*,*
151514721,Mastery CS-Pickett Campus,7961,Mastery CS-Pickett Campus,16,383,423,401,1206
126510022,Mastery CS-Shoemaker Campus,7909,Mastery CS -Shoemaker Campus,24,378,368,379,1124
126510023,Mastery CS-Thomas Campus,7910,Mastery CS - Thomas Campus,9,*,*,*,*
126513230,Math Civics and Sciences CS,7582,Math Civics and Sciences CS,66,360,363,350,1073
101633903,McGuffey SD,4249,McGuffey HS,89,489,502,455,1446
103026002,McKeesport Area SD,6105,McKeesport Area SHS,153,431,432,404,1267
115216503,Mechanicsburg Area SD,5098,Mechanicsburg Area SHS,207,527,539,514,1580
121392881,Medical Academy CS,8210,Medical Academy CS,12,397,361,358,1116
104435003,Mercer Area SD,3158,Mercer Area SHS,59,506,527,491,1525
123465303,Methacton SD,3305,Methacton HS,356,553,580,548,1682
108565203,Meyersdale Area SD,3994,Meyersdale Area HS,20,447,430,434,1310
119355503,Mid Valley SD,8304,Mid Valley Secondary Center,68,468,460,463,1391
115226003,Middletown Area SD,1790,Middletown Area HS,91,485,487,464,1436
116555003,Midd-West SD,3962,Midd-West HS,70,486,475,461,1422
111444602,Mifflin County SD,8187,Mifflin Co HS,194,507,522,470,1500
116605003,Mifflinburg Area SD,4091,Mifflinburg Area SHS,84,510,514,484,1508
105257602,Millcreek Township SD,8071,McDowell HS,413,500,501,476,1477
115226103,Millersburg Area SD,1794,Millersburg Area SHS,33,485,474,457,1416
116195004,Millville Area SD,1623,Millville Area JSHS,22,506,482,467,1456
116495003,Milton Area SD,3541,Milton HS,66,473,502,452,1428
129544703,Minersville Area SD,6583,Minersville Area JSHS,59,461,471,447,1379
104375003,Mohawk Area SD,2686,Mohawk JSHS,82,485,502,449,1435
107655803,Monessen City SD,6181,Monessen SHS,30,439,464,415,1319
104105353,Moniteau SD,1164,Moniteau JSHS,46,494,483,442,1418
117415004,Montgomery Area SD,3040,Montgomery JSHS,43,501,527,485,1513
103026303,Montour SD,5017,Montour HS,184,498,514,492,1504
117415103,Montoursville Area SD,3045,Montoursville Area SHS,108,511,524,488,1522
119584503,Montrose Area SD,4044,Montrose Area JSHS,65,505,511,482,1498
103026343,Moon Area SD,4951,Moon SHS,217,540,554,523,1618
122097203,Morrisville Borough SD,8114,Morrisville HS,35,449,438,405,1292
110175003,Moshannon Valley SD,1550,Moshannon Valley JSHS,34,493,491,445,1429
116495103,Mount Carmel Area SD,6936,Mount Carmel Area HS,58,477,481,442,1399
107655903,Mount Pleasant Area SD,4458,Mount Pleasant Area HS,94,492,500,485,1477
111316003,Mount Union Area SD,7944,Mount Union Area SHS,56,448,471,447,1366
119584603,Mountain View SD,4049,Mountain View JSHS,37,504,489,471,1464
103026402,Mt Lebanon SD,254,Mt Lebanon SHS,374,570,574,574,1718
114065503,Muhlenberg SD,6610,Muhlenberg HS,170,480,471,449,1400
126513000,Multi-Cultural Academy CS,7546,Multi-Cultural Academy CS,58,407,419,397,1223
117415303,Muncy SD,3048,Muncy JSHS,48,485,504,471,1460
120484803,Nazareth Area SD,3495,Nazareth Area HS,271,539,534,515,1589
122097502,Neshaminy SD,6455,Neshaminy HS,456,510,523,492,1524
104375203,Neshannock Township SD,2689,Neshannock JSHS,80,501,497,477,1475
127045653,New Brighton Area SD,695,New Brighton Area HS,56,506,497,470,1473
104375302,New Castle Area SD,2704,New Castle SHS,95,457,472,435,1363
111440001,New Day Charter School,7762,New Day Charter School,1,*,*,*,*
126513420,New Foundations CS,7649,New Foundations CS,89,441,425,437,1304
122097604,New Hope-Solebury SD,1084,New Hope-Solebury HS,116,560,575,560,1695
107656303,New Kensington-Arnold SD,8323,Valley JSHS,91,451,465,431,1347
126510018,New Media Technology CS,7829,New Media Technology CS,76,357,358,350,1066
115504003,Newport SD,7930,Newport HS,39,473,483,457,1413
123465602,Norristown Area SD,6729,Norristown Area HS,253,425,452,408,1286
103026852,North Allegheny SD,8305,North Allegheny HS,614,569,585,557,1712
106167504,North Clarion County SD,1489,North Clarion Co JSHS,37,485,508,477,1470
105258303,North East SD,6145,North East HS,102,510,515,487,1512
103026902,North Hills SD,7101,North Hills SHS,256,517,532,508,1557
123465702,North Penn SD,5345,North Penn SHS,771,544,564,530,1638
119356503,North Pocono SD,2446,North Pocono HS,168,508,502,505,1515
129545003,North Schuylkill SD,3883,North Schuylkill JSHS,85,485,490,468,1443
108565503,North Star SD,3988,North Star HS,43,510,510,465,1485
120484903,Northampton Area SD,3505,Northampton Area HS,199,502,504,478,1483
117083004,Northeast Bradford SD,964,Northeast Bradford JSHS,35,484,478,468,1430
112674403,Northeastern York SD,4577,Northeastern SHS,145,499,501,476,1476
108056004,Northern Bedford County SD,747,Northern Bedford Co MS/SHS,48,489,478,479,1446
108114503,Northern Cambria SD,6201,Northern Cambria HS,62,481,465,450,1396
113385003,Northern Lebanon SD,2760,Northern Lebanon SHS,83,479,477,457,1412
121394503,Northern Lehigh SD,2818,Northern Lehigh SHS,57,517,507,486,1511
109535504,Northern Potter SD,3875,Northern Potter JSHS,12,534,533,504,1571
117596003,Northern Tioga SD,4058,Cowanesque Valley JSHS,31,465,475,447,1387
117596003,Northern Tioga SD,6373,Williamson SHS,44,451,463,428,1341
115674603,Northern York County SD,6345,Northern HS,119,532,518,498,1547
103026873,Northgate SD,53,Northgate MSHS,50,476,467,456,1399
118406003,Northwest Area SD,2958,Northwest Area HS,60,478,471,457,1406
105258503,Northwestern  SD,6745,Northwestern SHS,54,533,507,498,1538
121394603,Northwestern Lehigh SD,2821,Northwestern Lehigh HS,123,534,554,521,1609
107656502,Norwin SD,4717,Norwin SHS,284,525,532,505,1562
124156503,Octorara Area SD,1414,Octorara Area JSHS,115,493,492,477,1462
106616203,Oil City Area SD,4931,Oil City SHS,81,458,472,425,1355
119356603,Old Forge SD,2449,Old Forge JSHS,44,480,486,445,1411
114066503,Oley Valley SD,6318,Oley Valley SHS,112,536,520,518,1574
126513452,Olney Charter High School,8205,Olney Charter High School,197,351,371,336,1058
109537504,Oswayo Valley SD,3877,Oswayo Valley HS,20,490,481,459,1429
109426003,Otto-Eldred SD,3107,Otto-Eldred JSHS,37,470,508,441,1419
124156603,Owen J Roberts SD,1406,Owen J Roberts HS,295,537,551,525,1612
124156703,Oxford Area SD,1420,Oxford Area HS,197,507,503,479,1490
122098003,Palisades SD,1094,Palisades HS,120,534,550,525,1609
121136503,Palmerton Area SD,4734,Palmerton Area HS,76,488,484,474,1446
113385303,Palmyra Area SD,2766,Palmyra Area SHS,166,513,533,509,1555
121136603,Panther Valley SD,6693,Panther Valley SHS,51,482,452,455,1389
121395103,Parkland SD,2829,Parkland HS,596,548,552,540,1640
120485603,Pen Argyl Area SD,6439,Pen Argyl Area HS,107,507,493,479,1480
108116003,Penn Cambria SD,1213,Penn Cambria HS,83,489,495,468,1452
103027352,Penn Hills SD,309,Penn Hills SHS,205,443,444,420,1307
113365203,Penn Manor SD,2633,Penn Manor HS,255,520,531,483,1534
105204703,Penncrest SD,1629,Cambridge Springs JSHS,62,505,506,467,1478
105204703,Penncrest SD,6942,Maplewood JSHS,49,526,517,484,1528
105204703,Penncrest SD,6136,Saegertown JSHS,64,492,493,460,1445
125236903,Penn-Delco SD,1915,Sun Valley HS,195,473,484,458,1416
122098103,Pennridge SD,1100,Pennridge HS,416,525,529,509,1563
128326303,Penns Manor Area SD,2345,Penns Manor Area JSHS,31,491,474,470,1435
110147003,Penns Valley Area SD,6231,Penns Valley Area JSHS,76,535,543,521,1598
122098202,Pennsbury SD,4682,Pennsbury HS,570,533,540,519,1592
127043430,Pennsylvania Cyber CS,7650,Pennsylvania Cyber CS,307,516,486,481,1483
115220003,Pennsylvania Distance Learning CS,7821,Pennsylvania Distance Learning CS,5,*,*,*,*
124150004,Pennsylvania Leadership Charter School,7819,Pennsylvania Leadership CS,119,545,515,512,1572
123460001,Pennsylvania Virtual CS,7687,Pennsylvania Virtual CS,82,523,476,473,1472
107657103,Penn-Trafford SD,6648,Penn Trafford HS,283,511,521,500,1531
113365303,Pequea Valley SD,2649,Pequea Valley HS,76,536,527,505,1569
123466103,Perkiomen Valley SD,3328,Perkiomen Valley HS,372,535,547,532,1614
105250001,Perseus House CS of Excellence,7770,Perseus House CS of Excellence,156,342,349,323,1014
101636503,Peters Township SD,5083,Peters Twp HS,332,545,557,530,1632
126513280,Philadelphia Academy CS,7587,Philadelphia Academy CS,93,455,459,441,1355
126515001,Philadelphia City SD,7904,Academy at Palumbo,182,466,484,445,1394
126515001,Philadelphia City SD,8039,Arts Academy at Benjamin Rush,114,453,477,440,1371
126515001,Philadelphia City SD,3847,Bartram John - Main,90,337,348,327,1012
126515001,Philadelphia City SD,7070,Bodine William W HS,123,459,493,452,1404
126515001,Philadelphia City SD,7023,Carver HS,170,471,514,458,1443
126515001,Philadelphia City SD,3848,Central HS,501,552,586,534,1671
126515001,Philadelphia City SD,7905,Constitution HS,84,398,404,389,1191
126515001,Philadelphia City SD,6996,Creative and Performing Arts,149,491,459,475,1425
126515001,Philadelphia City SD,3841,Dobbins AVT HS,48,346,356,329,1032
126515001,Philadelphia City SD,3849,Edison HS/Fareira Skills,75,325,337,311,972
126515001,Philadelphia City SD,3816,Fels Samuel HS,139,355,347,329,1031
126515001,Philadelphia City SD,3850,Frankford HS,100,351,356,339,1046
126515001,Philadelphia City SD,3851,Franklin Benjamin HS,61,337,366,334,1037
126515001,Philadelphia City SD,6822,Franklin LC,166,432,432,415,1279
126515001,Philadelphia City SD,3818,Furness Horace HS,84,330,408,322,1061
126515001,Philadelphia City SD,7664,Gamp,240,504,520,497,1520
126515001,Philadelphia City SD,3843,Girls HS,190,471,472,458,1401
126515001,Philadelphia City SD,7852,Kensington Creative & Performing Arts HS,46,348,362,334,1043
126515001,Philadelphia City SD,7855,Kensington Health Sciences,48,329,339,314,981
126515001,Philadelphia City SD,7851,"Kensington Intern Business, Finance & Entrep",28,373,349,349,1071
126515001,Philadelphia City SD,8143,Kensington Urban Education Academy,16,349,331,342,1022
126515001,Philadelphia City SD,6675,King Martin Luther HS,86,361,351,327,1039
126515001,Philadelphia City SD,7811,Lankenau HS,75,404,404,384,1193
126515001,Philadelphia City SD,3845,Lincoln HS,181,381,383,351,1115
126515001,Philadelphia City SD,3842,Mastbaum Jules E AVTS,63,353,346,326,1025
126515001,Philadelphia City SD,3808,Masterman Julia R Sec Sch,101,650,678,666,1993
126515001,Philadelphia City SD,7815,Motivation HS,49,374,381,354,1109
126515001,Philadelphia City SD,3855,Northeast HS,391,420,449,407,1277
126515001,Philadelphia City SD,3857,Overbrook HS,89,349,349,344,1043
126515001,Philadelphia City SD,6548,Parkway Northwest,71,392,400,367,1159
126515001,Philadelphia City SD,7808,Parkway West,76,394,404,376,1173
126515001,Philadelphia City SD,7782,Parkway-Center City,107,403,419,394,1216
126515001,Philadelphia City SD,7780,Paul Robeson HS for Human Services,48,371,370,346,1087
126515001,Philadelphia City SD,8293,Penn Treaty Sch,35,373,376,339,1089
126515001,Philadelphia City SD,7850,Philadelphia Military Acad at Elverson,53,387,402,358,1146
126515001,Philadelphia City SD,7813,"Randolph, A. Philip AVT HS",68,354,353,318,1024
126515001,Philadelphia City SD,3844,Roxborough HS,92,375,363,339,1076
126515001,Philadelphia City SD,3861,Saul W B Agricultural School,79,434,417,406,1257
126515001,Philadelphia City SD,7245,Sayre William L MS,43,359,328,340,1027
126515001,Philadelphia City SD,7903,School of the Future,113,360,376,340,1076
126515001,Philadelphia City SD,7906,Science Leadership Academy,116,479,486,470,1435
126515001,Philadelphia City SD,3859,South Philadelphia HS,97,341,352,320,1012
126515001,Philadelphia City SD,7255,Strawberry Mansion HS,30,376,365,345,1087
126515001,Philadelphia City SD,7072,Swenson Arts & Technology HS,93,373,372,349,1095
126515001,Philadelphia City SD,8298,The SD of Philadelphia Virtual Academy,5,*,*,*,*
126515001,Philadelphia City SD,8328,The Workshop School,4,*,*,*,*
126515001,Philadelphia City SD,6527,Washington George HS,281,408,427,396,1230
126515001,Philadelphia City SD,3860,West Philadelphia HS,68,348,344,323,1016
126515001,Philadelphia City SD,3728,Widener Memorial Sch,4,*,*,*,*
126510009,Philadelphia Electrical & Tech CHS,7737,Philadelphia Electrical & Tech CHS,115,371,375,355,1101
110177003,Philipsburg-Osceola Area SD,1560,Philipsburg-Osceola Area HS,74,455,475,440,1370
124157203,Phoenixville Area SD,1426,Phoenixville Area HS,211,523,528,513,1564
129546003,Pine Grove Area SD,3910,Pine Grove Area HS,68,488,471,471,1431
103021003,Pine-Richland SD,315,Pine-Richland HS,341,542,570,539,1650
102027451,Pittsburgh SD,8203,Acadamy at Westinghouse,32,332,333,315,980
102027451,Pittsburgh SD,409,Pittsburgh Allderdice HS,248,509,510,488,1508
102027451,Pittsburgh SD,6915,Pittsburgh Brashear HS,191,414,422,400,1236
102027451,Pittsburgh SD,8106,Pittsburgh CAPA 6-12,136,532,506,514,1552
102027451,Pittsburgh SD,412,Pittsburgh Carrick HS,92,420,428,398,1246
102027451,Pittsburgh SD,8110,Pittsburgh Milliones 6-12,67,355,365,328,1047
102027451,Pittsburgh SD,8105,Pittsburgh Obama 6-12,73,472,476,452,1400
102027451,Pittsburgh SD,8300,Pittsburgh Online Academy,5,*,*,*,*
102027451,Pittsburgh SD,416,Pittsburgh Perry HS,128,363,378,346,1087
102027451,Pittsburgh SD,8107,Pittsburgh Science and Technology Academy 6-12,61,514,516,498,1529
118406602,Pittston Area SD,5058,Pittston Area SHS,175,483,476,458,1416
120455203,Pleasant Valley SD,3210,Pleasant Valley HS,297,497,502,470,1469
103027503,Plum Borough SD,435,Plum SHS,243,498,505,486,1489
120455403,Pocono Mountain SD,3216,Pocono Mountain East HS,250,483,487,452,1421
120455403,Pocono Mountain SD,7738,Pocono Mountain West HS,271,447,450,419,1315
109426303,Port Allegany SD,3111,Port Allegany JSHS,34,495,486,434,1414
108116303,Portage Area SD,1270,Portage Area JSHS,36,466,500,458,1424
123466303,Pottsgrove SD,3338,Pottsgrove SHS,129,509,495,478,1482
123466403,Pottstown SD,3348,Pottstown SHS,89,471,461,441,1373
129546103,Pottsville Area SD,3924,Pottsville Area HS,171,497,494,480,1471
126512960,"Preparatory CS of Mathematics, Science, Tech, and Careers",7540,"Preparatory CS of Mathematics, Science, Tech, and Careers",49,439,429,430,1298
160028259,Propel CS-Braddock Hills,8129,Propel CS-Braddock Hills,200,410,399,392,1201
103020002,Propel CS-Homestead,7772,Propel CS-Homestead,46,378,392,354,1123
106338003,Punxsutawney Area SD,6165,Punxsutawney Area HS,113,477,497,457,1430
128327303,Purchase Line SD,2350,Purchase Line JSHS,34,474,504,462,1441
103027753,Quaker Valley SD,448,Quaker Valley HS,145,553,572,545,1670
122098403,Quakertown Community SD,1128,Quakertown Community HS,202,510,521,494,1525
125237603,Radnor Township SD,1921,Radnor SHS,248,582,604,585,1771
114067002,Reading SD,8116,Reading SHS,419,406,404,376,1185
112675503,Red Lion Area SD,4598,Red Lion Area SHS,213,495,523,463,1481
106168003,Redbank Valley SD,1495,Redbank Valley HS,53,464,470,438,1372
124153350,Renaissance Academy CS,7636,Renaissance Academy CS,71,501,515,482,1498
104435303,Reynolds SD,3165,Reynolds JSHS,44,484,464,455,1402
108116503,Richland SD,7941,Richland HS,101,521,522,522,1565
109246003,Ridgway Area SD,1989,Ridgway Area HS,47,480,479,482,1441
125237702,Ridley SD,1934,Ridley HS,314,482,496,448,1426
101637002,Ringgold SD,7019,Ringgold SHS,151,465,469,443,1377
127045853,Riverside Beaver County SD,700,Riverside HS,74,480,481,475,1436
119357003,Riverside SD,2496,Riverside JSHS,67,486,524,478,1489
103028203,Riverview SD,6928,Riverview HS,65,490,500,469,1459
121393330,Roberto Clemente CS,7629,Roberto Clemente CS,34,409,418,385,1212
127046903,Rochester Area SD,8000,Rochester High School,38,465,470,419,1355
108566303,Rockwood Area SD,6210,Rockwood Area JSHS,26,489,532,472,1493
125237903,Rose Tree Media SD,1942,Penncrest HS,294,551,555,541,1646
109248003,Saint Marys Area SD,5169,St Marys Area SHS,87,503,518,474,1495
121395603,Salisbury Township SD,2833,Salisbury SHS,104,516,523,501,1539
108567004,Salisbury-Elk Lick SD,4002,Salisbury-Elk Lick JSHS,21,442,472,449,1363
114514135,Sankofa Freedom Academy Charter School,8083,Sankofa Freedom Academy Charter School,40,377,380,359,1115
120486003,Saucon Valley SD,5352,Saucon Valley SHS,124,536,557,534,1627
117086003,Sayre Area SD,965,Sayre Area HS,53,527,509,488,1523
129547303,Schuylkill Haven Area SD,5264,Schuylkill Haven SHS,72,487,483,468,1439
114067503,Schuylkill Valley SD,864,Schuylkill Valley HS,108,504,504,482,1490
119357402,Scranton SD,6413,Scranton HS,214,458,463,441,1362
119357402,Scranton SD,2489,West Scranton HS,129,457,455,439,1351
116557103,Selinsgrove Area SD,3969,Selinsgrove Area HS,136,506,509,479,1495
104107903,Seneca Valley SD,8318,Seneca Valley HS,471,525,526,511,1561
108567204,Shade-Central City SD,4006,Shade JSHS,13,478,472,469,1420
103028302,Shaler Area SD,460,Shaler Area HS,247,514,507,492,1513
116496503,Shamokin Area SD,7893,Shamokin Area HS,79,485,481,439,1405
108567404,Shanksville-Stonycreek SD,6800,Shanksville-Stonycreek HS,12,510,515,453,1478
104435603,Sharon City SD,8093,Sharon HS,71,455,442,422,1319
104435703,Sharpsville Area SD,3124,Sharpsville Area SHS,69,467,478,448,1393
129547203,Shenandoah Valley SD,3940,Shenandoah Valley JSHS,32,443,469,406,1318
104376203,Shenango Area SD,2708,Shenango HS,48,474,487,455,1416
116496603,Shikellamy SD,3569,Shikellamy HS,122,487,498,474,1460
115218003,Shippensburg Area SD,5221,Shippensburg Area SHS,135,491,495,468,1454
104107503,Slippery Rock Area SD,1172,Slippery Rock Area HS,91,523,531,495,1548
109427503,Smethport Area SD,3117,Smethport Area JSHS,34,466,485,452,1402
113367003,Solanco SD,2658,Solanco HS,133,503,517,475,1495
108567703,Somerset Area SD,8274,Somerset Area Jr-Sr HS,101,501,486,468,1456
123467103,Souderton Area SD,3354,Souderton Area SHS,378,531,545,513,1588
103028653,South Allegheny SD,440,South Allegheny MS/HS,66,466,460,449,1375
104107803,South Butler County SD,1177,Knoch HS,170,528,539,510,1578
112676203,South Eastern SD,4602,Kennard-Dale HS,105,524,528,484,1536
103028703,South Fayette Township SD,470,South Fayette Twp HS,123,561,586,558,1705
115218303,South Middleton SD,6328,Boiling Springs HS,109,542,506,525,1572
103028753,South Park SD,467,South Park SHS,130,515,523,484,1522
127047404,South Side Area SD,714,South Side HS,56,518,513,492,1523
112676403,South Western SD,4608,South Western SHS,203,504,509,468,1482
117416103,South Williamsport Area SD,3056,South Williamsport Area JSHS,72,495,523,473,1491
125238402,Southeast Delco SD,6516,Academy Park HS,138,413,412,386,1211
101306503,Southeastern Greene SD,2284,Mapletown JSHS,20,448,448,418,1313
116197503,Southern Columbia Area SD,1627,Southern Columbia HS,81,503,504,478,1485
111297504,Southern Fulton SD,2253,Southern Fulton JSHS,30,479,481,458,1417
111317503,Southern Huntingdon County SD,2313,Southern Huntingdon Co HS/MS,42,471,467,436,1374
121395703,Southern Lehigh SD,2839,Southern Lehigh SHS,193,550,550,540,1640
117597003,Southern Tioga SD,4064,North Penn-Liberty JSHS,24,455,451,413,1318
117597003,Southern Tioga SD,4068,North Penn-Mansfield JSHS,44,480,474,446,1400
112676503,Southern York County SD,4614,Susquehannock HS,175,532,541,517,1589
107657503,Southmoreland SD,6191,Southmoreland SHS,73,490,485,469,1444
108077503,Spring Cove SD,941,Central HS,74,490,496,458,1445
112676703,Spring Grove Area SD,4623,Spring Grove Area HS,167,505,524,491,1520
125238502,Springfield SD,1950,Springfield HS,244,492,532,488,1512
123467203,Springfield Township SD,3376,Springfield Twp HS,137,521,543,525,1590
123467303,Spring-Ford Area SD,3367,Spring-Ford SHS 9-12 Ctr,466,534,561,523,1618
110148002,State College Area SD,1364,State College Area HS,519,552,567,535,1654
103028833,Steel Valley SD,196,Steel Valley SHS,70,467,470,427,1364
115228003,Steelton-Highspire SD,1801,Steelton-Highspire HS,30,439,428,403,1270
103028853,Sto-Rox SD,477,Sto-Rox HS,44,398,404,381,1183
120456003,Stroudsburg Area SD,3224,Stroudsburg HS,304,503,494,472,1469
101833400,Sugar Valley Rural CS,7635,Sugar Valley Rural CS,8,*,*,*,*
117576303,Sullivan County SD,4030,Sullivan Co JSHS,27,493,482,466,1441
116493130,Susq-Cyber CS,7567,Susq-Cyber CS,1,*,*,*,*
119586503,Susquehanna Community SD,4054,Susquehanna Community JSHS,37,491,538,492,1521
115228303,Susquehanna Township SD,1806,Susquehanna Twp HS,147,467,476,451,1394
115506003,Susquenita SD,3589,Susquenita HS,54,509,491,479,1479
192518422,Tacony Academy Charter School,8126,Tacony Academy Charter School,62,392,370,367,1129
129547603,Tamaqua Area SD,5070,Tamaqua Area SHS,56,502,523,485,1509
105620001,Tidioute Community CS,7833,Tidioute Community CS,12,464,445,429,1338
106617203,Titusville Area SD,1668,Titusville SHS,55,499,503,457,1459
117086503,Towanda Area SD,5208,Towanda Area JSHS,49,487,486,444,1416
124157802,Tredyffrin-Easttown SD,1423,Conestoga SHS,472,604,614,602,1820
101638003,Trinity Area SD,6012,Trinity SHS,144,502,511,486,1498
129547803,Tri-Valley SD,3957,Tri-Valley JSHS,35,480,494,469,1443
117086653,Troy Area SD,1000,Troy Area JSHS,73,486,505,461,1451
171510293,Truebright Science Academy CS,7983,Truebright Science Academy CS,37,362,369,353,1084
114068003,Tulpehocken Area SD,4670,Tulpehocken JSHS,45,485,493,466,1444
118667503,Tunkhannock Area SD,5271,Tunkhannock HS,111,489,491,467,1447
108568404,Turkeyfoot Valley Area SD,6216,Turkeyfoot Valley Area JSHS,13,458,432,417,1307
112286003,Tuscarora SD,6280,James Buchanan HS,97,494,495,470,1458
108058003,Tussey Mountain SD,753,Tussey Mountain HS,31,475,500,462,1436
114068103,Twin Valley SD,873,Twin Valley HS,156,509,509,494,1512
108078003,Tyrone Area SD,949,Tyrone Area HS,72,483,469,491,1444
104377003,Union Area SD,2712,Union Area HS,33,468,442,455,1365
105259103,Union City Area SD,2075,Union City HS,35,476,467,443,1386
106169003,Union SD,1501,Union HS,37,459,465,441,1364
101268003,Uniontown Area SD,2184,Uniontown Area SHS,108,467,482,442,1390
124158503,Unionville-Chadds Ford SD,1443,Unionville HS,315,595,601,590,1786
128328003,United SD,2358,United JSHS,44,514,496,477,1487
126519434,Universal Audenried Charter School,8195,Universal Audenried Charter School,88,355,347,331,1033
112018523,Upper Adams SD,21,Biglerville HS,66,485,478,473,1436
125239452,Upper Darby SD,1972,Upper Darby SHS,539,452,471,430,1353
115229003,Upper Dauphin Area SD,6340,Upper Dauphin Area HS,38,494,478,479,1452
123468303,Upper Dublin SD,5078,Upper Dublin HS,296,560,578,567,1705
123468402,Upper Merion Area SD,3395,Upper Merion HS,225,514,526,497,1537
123468503,Upper Moreland Township SD,3401,Upper Moreland HS,162,495,504,476,1474
123468603,Upper Perkiomen SD,5081,Upper Perkiomen HS,119,520,523,500,1543
103029203,Upper Saint Clair SD,492,Upper Saint Clair HS,292,573,594,574,1741
102023080,Urban Pathways 6-12 CS,7562,Urban Pathways 6-12 CS,29,397,384,368,1150
106618603,Valley Grove SD,4126,Rocky Grove JSHS,33,455,441,409,1305
119358403,Valley View SD,6775,Valley View HS,151,494,493,480,1468
119648303,Wallenpaupack Area SD,4310,Wallenpaupack Area HS,189,505,525,497,1527
125239603,Wallingford-Swarthmore SD,5287,Strath Haven HS,219,553,577,540,1670
126513490,Walter D Palmer Leadership Learning Partners CS,7674,Walter D Palmer Leadership Learning Partnership CS,20,356,363,338,1057
105628302,Warren County SD,4143,Eisenhower M/HS,50,485,487,477,1449
105628302,Warren County SD,4146,Sheffield M/HS,21,451,475,436,1361
105628302,Warren County SD,4149,Warren Area HS,111,511,527,491,1530
105628302,Warren County SD,4135,Youngsville HS,30,488,487,437,1413
116498003,Warrior Run SD,5103,Warrior Run HS,73,490,510,472,1471
113369003,Warwick SD,2663,Warwick SHS,254,531,534,513,1578
101638803,Washington SD,4286,Washington HS,45,476,502,447,1425
105259703,Wattsburg Area SD,6148,Seneca HS,48,483,464,460,1407
119648703,Wayne Highlands SD,4295,Honesdale HS,142,499,509,471,1479
112289003,Waynesboro Area SD,2243,Waynesboro Area SHS,171,487,485,453,1425
121139004,Weatherly Area SD,1327,Weatherly Area SHS,28,488,488,464,1440
117598503,Wellsboro Area SD,4080,Wellsboro Area HS,66,505,490,474,1469
103029403,West Allegheny SD,509,West Allegheny SHS,170,507,508,506,1522
110179003,West Branch Area SD,1566,West Branch Area JSHS,52,470,467,442,1378
124159002,West Chester Area SD,7894,West Chester Bayard Rustin HS,299,546,564,542,1652
124159002,West Chester Area SD,6734,West Chester East HS,325,527,539,519,1586
124159002,West Chester Area SD,1453,West Chester Henderson HS,246,540,560,532,1632
101308503,West Greene SD,7136,West Greene HS,22,479,466,425,1369
103029553,West Jefferson Hills SD,523,Thomas Jefferson HS,160,515,520,503,1538
104437503,West Middlesex Area SD,6129,West Middlesex Area HS,58,472,478,446,1396
103029603,West Mifflin Area SD,536,West Mifflin Area HS,154,460,454,436,1350
115508003,West Perry SD,3596,West Perry SHS,80,516,505,482,1503
115219002,West Shore SD,1732,Cedar Cliff HS,177,517,505,504,1526
115219002,West Shore SD,4704,Red Land SHS,168,516,519,501,1537
118408707,West Side CTC,5059,West Side CTC,9,*,*,*,*
112678503,West York Area SD,6705,West York Area HS,129,501,518,469,1488
127049303,Western Beaver County SD,719,Western Beaver Co JSHS,26,485,520,481,1486
119648903,Western Wayne SD,6704,Western Wayne HS,127,498,521,469,1488
108118503,Westmont Hilltop SD,1293,Westmont Hilltop HS,97,535,524,513,1571
121397803,Whitehall-Coplay SD,2848,Whitehall HS,204,491,494,465,1450
118408852,Wilkes-Barre Area SD,3009,Elmer L Meyers JSHS,82,438,433,433,1304
118408852,Wilkes-Barre Area SD,3008,G A R Memorial JSHS,54,447,432,429,1307
118408852,Wilkes-Barre Area SD,3007,James M Coughlin JSHS,113,475,469,453,1396
103029803,Wilkinsburg Borough SD,555,Wilkinsburg SHS,7,*,*,*,*
125239652,William Penn SD,8231,Penn Wood HS,199,415,415,390,1220
129548803,Williams Valley SD,3914,Williams Valley JSHS,46,489,480,465,1434
108079004,Williamsburg Community SD,951,Williamsburg Community JSHS,28,493,480,483,1456
117417202,Williamsport Area SD,6368,Williamsport Area SHS,158,501,505,468,1474
104378003,Wilmington Area SD,2721,Wilmington Area HS,78,517,503,481,1501
114069103,Wilson  SD,6980,Wilson HS,336,520,518,501,1539
120488603,Wilson Area SD,3522,Wilson Area HS,93,488,498,470,1455
108569103,Windber Area SD,4026,Windber Area HS,45,481,523,471,1475
123469303,Wissahickon SD,3247,Wissahickon SHS,303,543,568,539,1650
103029902,Woodland Hills SD,107,Woodland Hills SHS,149,449,450,439,1338
126512860,World Communications CS,7512,World Communications CS,57,378,364,358,1099
117089003,Wyalusing Area SD,1005,Wyalusing Valley JSHS,52,509,498,476,1483
118409203,Wyoming Area SD,6390,Wyoming Area Sec Ctr,135,478,478,469,1425
118409302,Wyoming Valley West SD,6391,Wyoming Valley West SHS,185,479,486,456,1421
114069353,Wyomissing Area SD,887,Wyomissing Area JSHS,133,516,522,506,1544
112679002,York City SD,4647,William Penn SHS,111,425,414,391,1230
112679107,York Co School of Technology,5168,York Co School of Technology,80,445,433,403,1281
112679403,York Suburban SD,4658,York Suburban SHS,186,527,552,522,1601
107658903,Yough SD,4735,Yough SHS,76,477,503,477,1457
126512870,Youth Build Phila CS,7513,Youth Build Phila CS,12,341,330,330,1001